bottom_k,AUC,Best_Threshold,TPR_at_threshold,FPR_at_threshold
k=1000,0.8505582137161085,0.080195,0.8181818181818182,0.10526315789473684
k=2000,0.8130125751776927,0.118906,0.6290322580645161,0.01694915254237288
