Threshold_Type,Threshold,AUC,Same_TPR,Diff_TNR,Diff2_TNR
Old (Qwen only),0.0082,0.9884,97.1,100.0,5.0
New (All 3 groups),0.0718999999999999,0.9371773620648828,84.46601941747574,100.0,99.00990099009901
