,meta-llama/Llama-2-7b-hf,openlm-research/open_llama_7b,lmsys/vicuna-7b-v1.1,LLM360/Amber,microsoft/Orca-2-7b,meta-llama/CodeLlama-7b-hf,EleutherAI/llemma_7b,lmsys/vicuna-7b-v1.5
meta-llama/Llama-2-7b-hf,1.000000,0.102000,0.270800,0.149100,0.341400,0.200500,0.179300,0.488600
openlm-research/open_llama_7b,0.137000,1.000000,0.132100,0.119500,0.130100,0.106800,0.081400,0.127600
lmsys/vicuna-7b-v1.1,0.337200,0.127700,1.000000,0.157300,0.326200,0.182200,0.156300,0.376200
LLM360/Amber,0.245900,0.113200,0.167900,1.000000,0.236700,0.174200,0.162300,0.288700
microsoft/Orca-2-7b,0.366100,0.118500,0.325900,0.238800,1.000000,0.208600,0.306200,0.470900
meta-llama/CodeLlama-7b-hf,0.253500,0.087600,0.182800,0.157600,0.192700,1.000000,0.303100,0.224500
EleutherAI/llemma_7b,0.247300,0.082200,0.142100,0.186000,0.189600,0.329100,1.000000,0.209900
lmsys/vicuna-7b-v1.5,0.340300,0.110800,0.293600,0.167600,0.459400,0.172900,0.211400,1.000000
