Family,before_threshold,before_tpr,before_fnr,before_tp,before_fn,before_n,after_threshold,after_tpr,after_fnr,after_tp,after_fn,after_n,threshold_change
Qwen,0.005,0.9743589743589745,0.0256410256410256,114,3,117,0.005,0.9629629629629628,0.037037037037037,26,1,27,0.0
LLaMA,0.025,0.956896551724138,0.043103448275862,111,5,116,0.18,0.9629629629629628,0.037037037037037,26,1,27,0.155
