Model,AUC,Threshold,Accuracy,Precision,Recall,Specificity,F1,Same_Mean,Diff_Mean
Qwen,0.6012175255080168,0.206414,0.6574074074074074,1.0,0.308411214953271,1.0,0.4714285714285714,0.20158789719626166,0.042464633027522944
LLaMA,0.7631256480346876,0.069405,0.7427184466019418,0.8125,0.6310679611650486,0.8543689320388349,0.7103825136612022,0.23158482524271845,0.04134661165048543
