Model,AUC,Threshold,Accuracy,Precision,Recall,Specificity,F1,Same_Mean,Diff_Mean
Qwen,0.944322868445417,0.0155,0.926605504587156,0.9696969696969697,0.8807339449541285,0.9724770642201835,0.9230769230769231,0.44766513761467885,0.007294495412844022
LLaMA,0.9812505566936849,0.0164,0.9858490566037735,1.0,0.9724770642201835,1.0,0.986046511627907,0.547291743119266,0.004443689320388337
