Model,AUC,Best_Threshold,Accuracy,Precision,Recall,Specificity,F1_Score,Same_Count,Diff_Count
Qwen,0.9884241971620613,0.0082,98.55072463768117,100.0,97.0873786407767,100.0,0.9852216748768473,103,104
LLaMA,0.9771083274523642,0.0254,96.71361502347418,98.01980198019803,95.1923076923077,98.1651376146789,0.9658536585365854,104,109
