family,threshold,before_n,before_fn,before_fnr,after_n,after_fn,after_fnr,fnr_change
Qwen,0.0082,117,5,0.042735042735042736,27,2,0.07407407407407407,0.031339031339031334
LLaMA,0.0254,116,5,0.04310344827586207,27,0,0.0,-0.04310344827586207
