Model,AUC,Threshold,Accuracy
Qwen,0.6074641489266946,0.045075,0.6179245283018868
LLaMA,0.7204952347020577,0.024638,0.7594339622641509
