num_pairs,AUC,Best_Threshold,TPR_at_threshold,FPR_at_threshold
num_pairs=5,0.7790314401622718,0.203388,0.5689655172413793,0.04411764705882353
num_pairs=10,0.816417378917379,0.107636,0.7884615384615384,0.24074074074074073
num_pairs=20,0.829644412191582,0.152494,0.7692307692307693,0.1320754716981132
