Model,AUC,Threshold,Accuracy,Precision,Recall,Specificity,F1,TP,TN,FP,FN
Qwen,0.9133490446932075,0.096875,0.8853211009174312,0.9666666666666667,0.7981651376146789,0.9724770642201835,0.8743718592964824,87,106,3,22
LLaMA,0.944151192383825,0.003125,0.9223300970873787,0.9393939393939394,0.9029126213592233,0.941747572815534,0.9207920792079209,93,97,6,10
