metric,auc,threshold_similarity,threshold_js_div,accuracy,precision,recall,specificity,f1_score,same_mean,diff_mean
avg_js_divergence,0.9165053446679573,0.6684021413326263,0.3315978586673737,0.908256880733945,0.978494623655914,0.8348623853211009,0.981651376146789,0.900990099009901,0.14245611362456972,0.46625627904036726
